Workbook

Sheet Грунт
D1: Расчет выемки грунта при устройстве лотков | N1: Ростверки | O1: Щебень | P1: Подб_Роств | Q1: Бетон Роств | R1: Обратная засыпка
F2: Средняя высота hср, м | I2: Вычисления, Calculation Сечение, м2 | L2: Объем, м3 | N2: шт | O2: Vщеб, м3 | P2: Vподб м3 | Q2: Vроств, м3 | R2: Vгр, м3 | S2: Объем, м3
A3: № участка | B3: Наименование работ | C3: Ед. изм. | D3: Захватки | E3: Длина лотка L, м | F3: hср=(hmin+hmax)/2-hсущ. | I3: Sср=(Lверх.+Lниза)/2*hср | L3: V=Sср*L | N3: V=1.200*0.900*0.600 | O3: V=0.200*1.700*2.000*N | P3: V=0.100*1.300*1.600*N | Q3: V=0.900*1.200*0.600*N | R3: Vгр=(2.500+3.700)/2*0.800*L | S3: V=Vгр -Vщеб-Vподб-Vроств
A4: 1 | B4: Выемка грунта класса V, Vth class soil excavation | C4: м3 | D4: Захватка 1 | E4: =72.8+17.7 -> 90.5 | F4: hср= | G4: (2.77+1.808)/2-0.34= | H4: =(2.77+1.808)/2-0.34 -> 1.949 | I4: Sср= | J4: (5.100+2.100)/2*hср= | K4: =(5.1+2.1)/2*H4 -> 7.0164 | L4: =K4*E4 -> 634.9842 | N4: 23 | O4: =Щебень!F4 -> 12.42 | P4: =Подб_Роств!F4 -> 3.542 | Q4: =0.9*1.2*0.6*N4 -> 14.904 | R4: =(2.5+3.7)/2*0.8*E4 -> 224.44 | S4: =R4-O4-P4-Q4 -> 193.574
B5: Выемка грунта класса V, Vth class soil excavation | C5: м3 | D5: Захватка 2 | E5: 40 | F5: hср= | G5: (1.835+1.657)/2-0.34= | H5: =(1.835+1.657)/2-0.34 -> 1.406 | I5: Sср= | J5: (5.100+2.100)/2*hср= | K5: =(5.1+2.1)/2*H5 -> 5.0616 | L5: =K5*E5 -> 202.464 | N5: 10 | O5: =Щебень!F5 -> 5.4 | P5: =Подб_Роств!F5 -> 1.54 | Q5: =0.9*1.2*0.6*N5 -> 6.48 | R5: =(2.5+3.7)/2*0.8*E5 -> 99.2 | S5: =R5-O5-P5-Q5 -> 85.78
L6: =SUM(L4:L5) -> 837.4482 | N6: =SUM(N4:N5) -> 33 | O6: =SUM(O4:O5) -> 17.82 | P6: =SUM(P4:P5) -> 5.082 | Q6: =SUM(Q4:Q5) -> 21.384 | R6: =SUM(R4:R5) -> 323.64 | S6: =SUM(S4:S5) -> 279.354
D7: Расчет выемки грунта при устройстве лотков | N7: Ростверки | O7: Щебень | P7: Подб_Роств | Q7: Бетон Роств | R7: Обратная засыпка
F8: Средняя высота hср, м | I8: Вычисления, Calculation Сечение, м2 | L8: Объем, м3 | N8: шт | O8: Vщеб, м3 | P8: Vподб м3 | Q8: Vроств, м3 | R8: Vгр, м3 | S8: Объем, м3
A9: № участка | B9: Наименование работ | C9: Ед. изм. | D9: Захватки | E9: Длина лотка L, м | F9: hср=(hmin+hmax)/2-hсущ. | I9: Sср=(Lверх.+Lниза)/2*hср | L9: V=Sср*L | N9: V=1.200*0.900*0.600 | O9: V=0.200*1.700*2.000*N | P9: V=0.100*1.300*1.600*N | Q9: V=0.900*1.200*0.600*N | R9: Vгр=(2.500+3.700)/2*0.800*L | S9: V=Vгр -Vщеб-Vподб-Vроств
A10: 2 | B10: Выемка грунта класса V, Vth class soil excavation | C10: м3 | D10: Захватка 1 | E10: =50.8+10.7 -> 61.5 | F10: hср= | G10: (3.170+2.505)/2-0.34= | H10: =(3.17+2.505)/2-0.34 -> 2.4975 | I10: Sср= | J10: (5.100+2.100)/2*hср= | K10: =(5.1+2.1)/2*H10 -> 8.991 | L10: =K10*E10 -> 552.9465 | N10: 15 | O10: =Щебень!F10 -> 8.1 | P10: =Подб_Роств!F9 -> 2.31 | Q10: =0.9*1.2*0.6*N10 -> 9.72 | R10: =(2.5+3.7)/2*0.8*E10 -> 152.52 | S10: =R10-O10-P10-Q10 -> 132.39
B11: Выемка грунта класса V, Vth class soil excavation | C11: м3 | D11: Захватка 2 | E11: 21.6 | F11: hср= | G11: (1.948+1.659)/2-0.34= | H11: =(1.948+1.659)/2-0.34 -> 1.4635 | I11: Sср= | J11: (5.100+2.100)/2*hср= | K11: =(5.1+2.1)/2*H11 -> 5.2686 | L11: =K11*E11 -> 113.80176 | N11: 7 | O11: =Щебень!F11 -> 3.78 | P11: =Подб_Роств!F10 -> 1.078 | Q11: =0.9*1.2*0.6*N11 -> 4.536 | R11: =(2.5+3.7)/2*0.8*E11 -> 53.568 | S11: =R11-O11-P11-Q11 -> 44.174
B12: Выемка грунта класса V, Vth class soil excavation | C12: м3 | D12: Захватка 3 | E12: 88.8 | F12: hср= | G12: (1.900+1.650)/2-0.34= | H12: =(1.9+1.65)/2-0.34 -> 1.435 | I12: Sср= | J12: (5.100+2.100)/2*hср= | K12: =(5.1+2.1)/2*H12 -> 5.166 | L12: =K12*E12 -> 458.7408 | N12: 18 | O12: =Щебень!F12 -> 13.5 | P12: =Подб_Роств!F11 -> 3.85 | Q12: =0.9*1.2*0.6*N12 -> 11.664 | R12: =(2.5+3.7)/2*0.8*E12 -> 220.224 | S12: =R12-O12-P12-Q12 -> 191.21
L13: =SUM(L10:L12) -> 1125.4891 | N13: =SUM(N10:N12) -> 40 | O13: =SUM(O10:O12) -> 25.38 | P13: =SUM(P10:P12) -> 7.238 | Q13: =SUM(Q10:Q12) -> 25.92 | R13: =SUM(R10:R12) -> 426.312 | S13: =SUM(S10:S12) -> 367.774
D14: Расчет выемки грунта при устройстве лотков | N14: Ростверки | O14: Щебень | P14: Подб_Роств | Q14: Бетон Роств | R14: Обратная засыпка
F15: Средняя высота hср, м | I15: Вычисления, Calculation Сечение, м2 | L15: Объем, м3 | N15: шт | O15: Vщеб, м3 | P15: Vподб м3 | Q15: Vроств, м3 | R15: Vгр, м3 | S15: Объем, м3
A16: № участка | B16: Наименование работ | C16: Ед. изм. | D16: Захватки | E16: Длина лотка L, м | F16: hср=(hmin+hmax)/2-hсущ. | I16: Sср=(Lверх.+Lниза)/2*hср | L16: V=Sср*L | N16: V=1.200*0.900*0.600 | O16: V=0.200*1.700*2.000*N | P16: V=0.100*1.300*1.600*N | Q16: V=0.900*1.200*0.600*N | R16: Vгр=(2.500+3.700)/2*0.800*L | S16: V=Vгр -Vщеб-Vподб-Vроств
A17: 3 | B17: Выемка грунта класса V, Vth class soil excavation | C17: м3 | D17: Захватка 1 | E17: 53.9 | F17: hср= | G17: (3.179+2.107)/2-0.34= | H17: =(3.179+2.107)/2-0.34 -> 2.303 | I17: Sср= | J17: (5.100+2.100)/2*hср= | K17: =(5.1+2.1)/2*H17 -> 8.2908 | L17: =K17*E17 -> 446.87412 | N17: 13 | O17: =Щебень!F17 -> 7.02 | P17: =Подб_Роств!F15 -> 2.002 | Q17: =0.9*1.2*0.6*N17 -> 8.424 | R17: =(2.5+3.7)/2*0.8*E17 -> 133.672 | S17: =R17-O17-P17-Q17 -> 116.226
B18: Выемка грунта класса V, Vth class soil excavation | C18: м3 | D18: Захватка 2 | E18: 38.2 | F18: hср= | G18: (2.371+1.657)/2-0.34= | H18: =(2.371+1.657)/2-0.34 -> 1.674 | I18: Sср= | J18: (5.100+2.100)/2*hср= | K18: =(5.1+2.1)/2*H18 -> 6.0264 | L18: =K18*E18 -> 230.20848 | N18: 10 | O18: =Щебень!F18 -> 5.4 | P18: =Подб_Роств!F16 -> 1.54 | Q18: =0.9*1.2*0.6*N18 -> 6.48 | R18: =(2.5+3.7)/2*0.8*E18 -> 94.736 | S18: =R18-O18-P18-Q18 -> 81.316
B19: Выемка грунта класса V, Vth class soil excavation | C19: м3 | D19: Захватка 3 | E19: =40.1+4.2 -> 44.3 | F19: hср= | G19: (2.455+1.708)/2-0.34= | H19: =(2.455+1.708)/2-0.34 -> 1.7415 | I19: Sср= | J19: (5.100+2.100)/2*hср= | K19: =(5.1+2.1)/2*H19 -> 6.2694 | L19: =K19*E19 -> 277.73442 | N19: 10 | O19: =Щебень!F19 -> 5.4 | P19: =Подб_Роств!F17 -> 1.54 | Q19: =0.9*1.2*0.6*N19 -> 6.48 | R19: =(2.5+3.7)/2*0.8*E19 -> 109.864 | S19: =R19-O19-P19-Q19 -> 96.444
B20: Выемка грунта класса V, Vth class soil excavation | C20: м3 | D20: Захватка 4 | E20: 18.7 | F20: hср= | G20: (2.948+2.733)/2-0.34= | H20: =(2.948+2.733)/2-0.34 -> 2.5005 | I20: Sср= | J20: (5.100+2.100)/2*hср= | K20: =(5.1+2.1)/2*H20 -> 9.0018 | L20: =K20*E20 -> 168.33366 | N20: 5 | O20: =Щебень!F20 -> 2.7 | P20: =Подб_Роств!F18 -> 0.77 | Q20: =1.2*1.25*0.6*N20 -> 4.5 | R20: =(2.5+3.7)/2*0.8*E20 -> 46.376 | S20: =R20-O20-P20-Q20 -> 38.406
L21: =SUM(L17:L20) -> 1123.1507 | N21: =SUM(N17:N20) -> 38 | O21: =SUM(O17:O20) -> 20.52 | P21: =SUM(P17:P20) -> 5.852 | Q21: =SUM(Q17:Q20) -> 25.884 | R21: =SUM(R17:R20) -> 384.648 | S21: =SUM(S17:S20) -> 332.392
D22: Расчет выемки грунта при устройстве лотков | N22: Ростверки | O22: Щебень | P22: Подб_Роств | Q22: Бетон Роств | R22: Обратная засыпка
F23: Средняя высота hср, м | I23: Вычисления, Calculation Сечение, м2 | L23: Объем, м3 | N23: шт | O23: Vщеб, м3 | P23: Vподб м3 | Q23: Vроств, м3 | R23: Vгр, м3 | S23: Объем, м3
A24: № участка | B24: Наименование работ | C24: Ед. изм. | D24: Захватки | E24: Длина лотка L, м | F24: hср=(hmin+hmax)/2-hсущ. | I24: Sср=(Lверх.+Lниза)/2*hср | L24: V=Sср*L | N24: V=1.200*0.900*0.600 | O24: V=0.200*1.700*2.000*N | P24: V=0.100*1.300*1.600*N | Q24: V=0.900*1.200*0.600*N | R24: Vгр=(2.500+3.700)/2*0.800*L | S24: V=Vгр -Vщеб-Vподб-Vроств
A25: 4 | B25: Выемка грунта класса V, Vth class soil excavation | C25: м3 | D25: Захватка 1 | E25: 61.5 | F25: hср= | G25: (2.919+2.109)/2-0.34= | H25: =(2.919+2.109)/2-0.34 -> 2.174 | I25: Sср= | J25: (5.100+2.100)/2*hср= | K25: =(5.1+2.1)/2*H25 -> 7.8264 | L25: =K25*E25 -> 481.3236 | N25: 16 | O25: =Щебень!F25 -> 8.64 | P25: =Подб_Роств!F22 -> 2.464 | Q25: =0.9*1.2*0.6*N25 -> 10.368 | R25: =(2.5+3.7)/2*0.8*E25 -> 152.52 | S25: =R25-O25-P25-Q25 -> 131.048
B26: Выемка грунта класса V, Vth class soil excavation | C26: м3 | D26: Захватка 2 | E26: 25.3 | F26: hср= | G26: (2.590+1.958)/2-0.34= | H26: =(2.59+1.958)/2-0.34 -> 1.934 | I26: Sср= | J26: (5.100+2.100)/2*hср= | K26: =(5.1+2.1)/2*H26 -> 6.9624 | L26: =K26*E26 -> 176.14872 | N26: 6 | O26: =Щебень!F26 -> 3.24 | P26: =Подб_Роств!F23 -> 0.924 | Q26: =0.9*1.2*0.6*N26 -> 3.888 | R26: =(2.5+3.7)/2*0.8*E26 -> 62.744 | S26: =R26-O26-P26-Q26 -> 54.692
B27: Выемка грунта класса V, Vth class soil excavation | C27: м3 | D27: Захватка 3 | E27: 5.9 | F27: hср= | G27: (1.733+1.658)/2-0.34= | H27: =(1.733+1.658)/2-0.34 -> 1.3555 | I27: Sср= | J27: (5.100+2.100)/2*hср= | K27: =(5.1+2.1)/2*H27 -> 4.8798 | L27: =K27*E27 -> 28.79082 | N27: 1 | O27: =Щебень!F27 -> 0.54 | P27: =Подб_Роств!F24 -> 0.154 | Q27: =0.9*1.2*0.6*N27 -> 0.648 | R27: =(2.5+3.7)/2*0.8*E27 -> 14.632 | S27: =R27-O27-P27-Q27 -> 13.29
L28: =SUM(L25:L27) -> 686.26314 | N28: =SUM(N25:N27) -> 23 | O28: =SUM(O25:O27) -> 12.42 | P28: =SUM(P25:P27) -> 3.542 | Q28: =SUM(Q25:Q27) -> 14.904 | R28: =SUM(R25:R27) -> 229.896 | S28: =SUM(S25:S27) -> 199.03
L30: =L6+L13+L21+L28 -> 3772.3511 | N30: =N6+N13+N21+N28 -> 134 | O30: =O6+O13+O21+O28 -> 76.14 | P30: =P6+P13+P21+P28 -> 21.714 | Q30: =Q6+Q13+Q21+Q28 -> 88.092 | R30: =R6+R13+R21+R28 -> 1364.496 | S30: =S6+S13+S21+S28 -> 1178.55

Sheet Щебень
A1: Устройство основания из щебня фракции 20-40 ГОСТ 54748-2011 толщиной 200 мм/ Installation of base of gravel fr. 20-40 GOST 54748-2011 100 mm thick
E2: N | F2: Вычисления, Calculation Объем , м3 | G2: Всего
A3: № участка | B3: Наименование работ | C3: Ед. изм. | D3: Захватки | E3: Ростверки шт | F3: V=0.200*1.500*1.800*N | G3: м3
A4: 1 | B4: Устройство основания из щебня | C4: м3 | D4: Захватка 1 | E4: 23 | F4: =0.2*1.5*1.8*E4 -> 12.42 | G4: =SUM(F4:F5) -> 17.82
C5: м3 | D5: Захватка 2 | E5: 10 | F5: =0.2*1.5*1.8*E5 -> 5.4
A7: Устройство основания из щебня фракции 20-40 ГОСТ 54748-2011 толщиной 200 мм/ Installation of base of gravel fr. 20-40 GOST 54748-2011 100 mm thick
E8: N | F8: Вычисления, Calculation Объем , м3 | G8: Всего
A9: № участка | B9: Наименование работ | C9: Ед. изм. | D9: Захватки | E9: Ростверки шт | F9: V=0.200*1.500*1.800*N | G9: м3
A10: 2 | B10: Устройство основания из щебня | C10: м3 | D10: Захватка 1 | E10: 15 | F10: =0.2*1.5*1.8*E10 -> 8.1 | G10: =SUM(F10:F12) -> 25.38
C11: м3 | D11: Захватка 2 | E11: 7 | F11: =0.2*1.5*1.8*E11 -> 3.78
C12: м3 | D12: Захватка 3 | E12: 25 | F12: =0.2*1.5*1.8*E12 -> 13.5
A14: Устройство основания из щебня фракции 20-40 ГОСТ 54748-2011 толщиной 200 мм/ Installation of base of gravel fr. 20-40 GOST 54748-2011 100 mm thick
E15: N | F15: Вычисления, Calculation Объем , м3 | G15: Всего
A16: № участка | B16: Наименование работ | C16: Ед. изм. | D16: Захватки | E16: Ростверки шт | F16: V=0.200*1.500*1.800*N | G16: м3
A17: 3 | B17: Устройство основания из щебня | C17: м3 | D17: Захватка 1 | E17: 13 | F17: =0.2*1.5*1.8*E17 -> 7.02 | G17: =SUM(F17:F20) -> 20.52
C18: м3 | D18: Захватка 2 | E18: 10 | F18: =0.2*1.5*1.8*E18 -> 5.4
C19: м3 | D19: Захватка 3 | E19: 10 | F19: =0.2*1.5*1.8*E19 -> 5.4
C20: м3 | D20: Захватка 4 | E20: 5 | F20: =0.2*1.5*1.8*E20 -> 2.7
A22: Устройство основания из щебня фракции 20-40 ГОСТ 54748-2011 толщиной 200 мм/ Installation of base of gravel fr. 20-40 GOST 54748-2011 100 mm thick
E23: N | F23: Вычисления, Calculation Объем , м3 | G23: Всего
A24: № участка | B24: Наименование работ | C24: Ед. изм. | D24: Захватки | E24: Ростверки шт | F24: V=0.200*1.500*1.800*N | G24: м3
A25: 4 | B25: Устройство основания из щебня | C25: м3 | D25: Захватка 1 | E25: 16 | F25: =0.2*1.5*1.8*E25 -> 8.64 | G25: =SUM(F25:F27) -> 12.42
C26: м3 | D26: Захватка 2 | E26: 6 | F26: =0.2*1.5*1.8*E26 -> 3.24
C27: м3 | D27: Захватка 3 | E27: 1 | F27: =0.2*1.5*1.8*E27 -> 0.54
E29: =SUM(E4:E27) -> 141 | G29: =SUM(G4:G27) -> 76.14

Sheet Подб_Роств
A1: Бетонное основание, B 7.5, W6, толщ. 100 мм/Concrete bed, B 7.5, W6, th. 100 mm
E2: N | F2: Вычисления, Calculation Объем , м3 | G2: Всего
A3: № участка | B3: Наименование работ | C3: Ед. изм. | D3: Захватки | E3: Ростверки шт | F3: V=0.100*1.100*1.400*N
A4: 1 | B4: Бетонное основание | C4: м3 | D4: Захватка 1 | E4: 23 | F4: =0.1*1.1*1.4*E4 -> 3.542 | G4: =SUM(F4:F5) -> 5.082
C5: м3 | D5: Захватка 2 | E5: 10 | F5: =0.1*1.1*1.4*E5 -> 1.54
A6: Бетонное основание, B 7.5, W6, толщ. 100 мм/Concrete bed, B 7.5, W6, th. 100 mm
E7: N | F7: Вычисления, Calculation Объем , м3 | G7: Всего
A8: № участка | B8: Наименование работ | C8: Ед. изм. | D8: Захватки | E8: Ростверки шт | F8: V=0.100*1.100*1.400*N
A9: 2 | B9: Бетонное основание | C9: м3 | D9: Захватка 1 | E9: 15 | F9: =0.1*1.1*1.4*E9 -> 2.31 | G9: =SUM(F9:F11) -> 7.238
C10: м3 | D10: Захватка 2 | E10: 7 | F10: =0.1*1.1*1.4*E10 -> 1.078
C11: м3 | D11: Захватка 3 | E11: =Щебень!E12 -> 25 | F11: =0.1*1.1*1.4*E11 -> 3.85
A12: Бетонное основание, B 7.5, W6, толщ. 100 мм/Concrete bed, B 7.5, W6, th. 100 mm
E13: N | F13: Вычисления, Calculation Объем , м3 | G13: Всего
A14: № участка | B14: Наименование работ | C14: Ед. изм. | D14: Захватки | E14: Ростверки шт | F14: V=0.100*1.100*1.400*N
A15: 3 | B15: Бетонное основание | C15: м3 | D15: Захватка 1 | E15: 13 | F15: =0.1*1.1*1.4*E15 -> 2.002 | G15: =SUM(F15:F18) -> 5.852
C16: м3 | D16: Захватка 2 | E16: 10 | F16: =0.1*1.1*1.4*E16 -> 1.54
C17: м3 | D17: Захватка 3 | E17: 10 | F17: =0.1*1.1*1.4*E17 -> 1.54
C18: м3 | D18: Захватка 4 | E18: 5 | F18: =0.1*1.1*1.4*E18 -> 0.77
A19: Бетонное основание, B 7.5, W6, толщ. 100 мм/Concrete bed, B 7.5, W6, th. 100 mm
E20: N | F20: Вычисления, Calculation Объем , м3 | G20: Всего
A21: № участка | B21: Наименование работ | C21: Ед. изм. | D21: Захватки | E21: Ростверки шт | F21: V=0.100*1.100*1.400*N
A22: 4 | B22: Бетонное основание | C22: м3 | D22: Захватка 1 | E22: 16 | F22: =0.1*1.1*1.4*E22 -> 2.464 | G22: =SUM(F22:F24) -> 3.542
C23: м3 | D23: Захватка 2 | E23: 6 | F23: =0.1*1.1*1.4*E23 -> 0.924
C24: м3 | D24: Захватка 3 | E24: 1 | F24: =0.1*1.1*1.4*E24 -> 0.154
E26: =SUM(E4:E24) -> 141 | G26: =SUM(G4:G24) -> 21.714

Sheet Ростверки
A1: Бетонирование ростверков B30 W12
E2: N | F2: Вычисления, Calculation Объем , м3 | G2: Всего
A3: № участка | B3: Наименование работ | C3: Ед. изм. | D3: Захватки | E3: Ростверки шт | F3: V=0.900*1.200*0.600*N
A4: 1 | B4: Бетонирование ростверков | C4: м3 | D4: Захватка 1 | E4: 23 | F4: =0.9*1.2*0.6*E4 -> 14.904 | G4: =SUM(F4:F5) -> 21.384
C5: м3 | D5: Захватка 2 | E5: 10 | F5: =0.9*1.2*0.6*E5 -> 6.48
A7: Бетонирование ростверков B30 W12
E8: N | F8: Вычисления, Calculation Объем , м3 | G8: Всего
A9: № участка | B9: Наименование работ | C9: Ед. изм. | D9: Захватки | E9: Ростверки шт | F9: V=0.900*1.200*0.600*N
A10: 2 | B10: Бетонирование ростверков | C10: м3 | D10: Захватка 1 | E10: 15 | F10: =0.9*1.2*0.6*E10 -> 9.72 | G10: =SUM(F10:F12) -> 30.456
C11: м3 | D11: Захватка 2 | E11: 7 | F11: =0.9*1.2*0.6*E11 -> 4.536
C12: м3 | D12: Захватка 3 | E12: =Щебень!E12 -> 25 | F12: =0.9*1.2*0.6*E12 -> 16.2
A14: Бетонирование ростверков B30 W12
E15: N | F15: Вычисления, Calculation Объем , м3 | G15: Всего
A16: № участка | B16: Наименование работ | C16: Ед. изм. | D16: Захватки | E16: Ростверки шт | F16: V=0.900*1.200*0.600*N
A17: 3 | B17: Бетонирование ростверков | C17: м3 | D17: Захватка 1 | E17: 13 | F17: =0.9*1.2*0.6*E17 -> 8.424 | G17: =SUM(F17:F20) -> 25.884
C18: м3 | D18: Захватка 2 | E18: 10 | F18: =0.9*1.2*0.6*E18 -> 6.48
C19: м3 | D19: Захватка 3 | E19: 10 | F19: =0.9*1.2*0.6*E19 -> 6.48
C20: м3 | D20: Захватка 4 | E20: 5 | F20: =1.2*1.25*0.6*E20 -> 4.5
A22: Бетонирование ростверков B30 W12
E23: N | F23: Вычисления, Calculation Объем , м3 | G23: Всего
A24: № участка | B24: Наименование работ | C24: Ед. изм. | D24: Захватки | E24: Ростверки шт | F24: V=0.900*1.200*0.600*N
A25: 4 | B25: Бетонирование ростверков | C25: м3 | D25: Захватка 1 | E25: 16 | F25: =0.9*1.2*0.6*E25 -> 10.368 | G25: =SUM(F25:F27) -> 14.904
C26: м3 | D26: Захватка 2 | E26: 6 | F26: =0.9*1.2*0.6*E26 -> 3.888
C27: м3 | D27: Захватка 3 | E27: 1 | F27: =0.9*1.2*0.6*E27 -> 0.648
E29: =SUM(E4:E27) -> 141 | G29: =SUM(G4:G27) -> 92.628

Sheet Обр_Засып_Роств
A1: Расчет обратной засыпки ростверков при устройстве лотков
D2: Ростверки | E2: Щебень | F2: Подб_Роств | G2: Бетон Роств | H2: Обратная засыпка
D3: шт | E3: Vщеб, м3 | F3: Vподб м3 | G3: Vроств, м3 | H3: Vгр, м3 | I3: Объем, м3
A4: № участка | B4: Захватки | C4: Длина лотка L, м | E4: V=0.200*1.500*1.800*N | F4: V=0.100*1.100*1.400*N | G4: V=0.900*1.200*0.500*N | H4: Vгр=(2.100+3.300)/2*0.800*L | I4: V=Vгр -Vщеб-Vподб-Vроств
A5: 1 | B5: Захватка 1 | C5: =Грунт!E4 -> 90.5 | D5: 23 | E5: ='Сводная '!K5 -> 12.42 | F5: ='Сводная '!L5 -> 3.542 | G5: 12.42 | H5: ='Сводная '!N5 -> 157.248 | I5: ='Сводная '!O5 -> 126.382
B6: Захватка 2 | C6: =Грунт!E5 -> 40 | D6: 10 | E6: ='Сводная '!K6 -> 5.4 | F6: ='Сводная '!L6 -> 1.54 | G6: 5.4 | H6: ='Сводная '!N6 -> 86.4 | I6: ='Сводная '!O6 -> 72.98
D7: =SUM(D5:D6) -> 33 | E7: =SUM(E5:E6) -> 17.82 | F7: =SUM(F5:F6) -> 5.082 | G7: =SUM(G5:G6) -> 17.82 | H7: =SUM(H5:H6) -> 243.648 | I7: =SUM(I5:I6) -> 199.362
A9: Расчет обратной засыпки ростверков при устройстве лотков
D10: Ростверки | E10: Щебень | F10: Подб_Роств | G10: Бетон Роств | H10: Обратная засыпка
D11: шт | E11: Vщеб, м3 | F11: Vподб м3 | G11: Vроств, м3 | H11: Vгр, м3 | I11: Объем, м3
A12: № участка | B12: Захватки | C12: Длина лотка L, м | E12: V=0.200*1.500*1.800*N | F12: V=0.100*1.100*1.400*N | G12: V=0.900*1.200*0.500*N | H12: Vгр=(2.500+3.700)/2*0.800*L | I12: V=Vгр -Vщеб-Vподб-Vроств
A13: 2 | B13: Захватка 1 | C13: =Грунт!E10 -> 61.5 | D13: 15 | E13: ='Сводная '!K9 -> 8.1 | F13: ='Сводная '!L9 -> 2.31 | G13: 8.1 | H13: 125.984 | I13: ='Сводная '!O9 -> 89.598
B14: Захватка 2 | C14: =Грунт!E11 -> 21.6 | D14: 7 | E14: ='Сводная '!K10 -> 3.78 | F14: ='Сводная '!L10 -> 1.078 | G14: 3.78 | H14: 53.568 | I14: ='Сводная '!O10 -> 37.262
B15: Захватка 3 | C15: =Грунт!E12 -> 88.8 | D15: =Щебень!E12 -> 25 | E15: ='Сводная '!K11 -> 13.5 | F15: ='Сводная '!L11 -> 3.85 | G15: 9.72 | H15: 220.224 | I15: ='Сводная '!O11 -> 158.906
D16: =SUM(D13:D15) -> 47 | E16: =SUM(E13:E15) -> 25.38 | F16: =SUM(F13:F15) -> 7.238 | G16: =SUM(G13:G15) -> 21.6 | H16: =SUM(H13:H15) -> 399.776 | I16: =SUM(I13:I15) -> 285.766
A18: Расчет обратной засыпки ростверков при устройстве лотков
D19: Ростверки | E19: Щебень | F19: Подб_Роств | G19: Бетон Роств | H19: Обратная засыпка
D20: шт | E20: Vщеб, м3 | F20: Vподб м3 | G20: Vроств, м3 | H20: Vгр, м3 | I20: Объем, м3
A21: № участка | B21: Захватки | C21: Длина лотка L, м | E21: V=0.200*1.500*1.800*N | F21: V=0.100*1.100*1.400*N | G21: V=0.900*1.200*0.500*N | H21: Vгр=(2.500+3.700)/2*0.800*L | I21: V=Vгр -Vщеб-Vподб-Vроств
A22: 3 | B22: Захватка 1 | C22: =Грунт!E17 -> 53.9 | D22: 13 | E22: ='Сводная '!K14 -> 7.02 | F22: ='Сводная '!L14 -> 2.002 | G22: 7.02 | H22: 133.672 | I22: ='Сводная '!O14 -> 98.978
B23: Захватка 2 | C23: =Грунт!E18 -> 38.2 | D23: 10 | E23: ='Сводная '!K15 -> 5.4 | F23: ='Сводная '!L15 -> 1.54 | G23: 5.4 | H23: 94.736 | I23: ='Сводная '!O15 -> 69.092
B24: Захватка 3 | C24: =Грунт!E19 -> 44.3 | D24: 10 | E24: ='Сводная '!K16 -> 5.4 | F24: ='Сводная '!L16 -> 1.54 | G24: 5.4 | H24: 99.448 | I24: ='Сводная '!O16 -> 73.196
B25: Захватка 4 | C25: =Грунт!E20 -> 18.7 | D25: 5 | E25: ='Сводная '!K17 -> 2.7 | F25: ='Сводная '!L17 -> 0.77 | G25: 3.75 | H25: 46.376 | I25: ='Сводная '!O17 -> 32.422
D26: =SUM(D22:D25) -> 38 | E26: =SUM(E22:E25) -> 20.52 | F26: =SUM(F22:F25) -> 5.852 | G26: =SUM(G22:G25) -> 21.57 | H26: =SUM(H22:H25) -> 374.232 | I26: =SUM(I22:I25) -> 273.688
A28: Расчет обратной засыпки ростверков при устройстве лотков
D29: Ростверки | E29: Щебень | F29: Подб_Роств | G29: Бетон Роств | H29: Обратная засыпка
D30: шт | E30: Vщеб, м3 | F30: Vподб м3 | G30: Vроств, м3 | H30: Vгр, м3 | I30: Объем, м3
A31: № участка | B31: Захватки | C31: Длина лотка L, м | E31: V=0.200*1.500*1.800*N | F31: V=0.100*1.100*1.400*N | G31: V=0.900*1.200*0.500*N | H31: Vгр=(2.500+3.700)/2*0.800*L | I31: V=Vгр -Vщеб-Vподб-Vроств
A32: 4 | B32: Захватка 1 | C32: =Грунт!E25 -> 61.5 | D32: 16 | E32: ='Сводная '!K20 -> 8.64 | F32: ='Сводная '!L20 -> 2.464 | G32: 8.64 | H32: 152.52 | I32: ='Сводная '!O20 -> 111.368
B33: Захватка 2 | C33: =Грунт!E26 -> 25.3 | D33: 6 | E33: ='Сводная '!K21 -> 3.24 | F33: ='Сводная '!L21 -> 0.924 | G33: 3.24 | H33: 62.744 | I33: ='Сводная '!O21 -> 46.596
B34: Захватка 3 | C34: =Грунт!E27 -> 5.9 | D34: 1 | E34: ='Сводная '!K22 -> 0.54 | F34: ='Сводная '!L22 -> 0.154 | G34: 0.54 | H34: 14.632 | I34: ='Сводная '!O22 -> 11.402
D35: =SUM(D32:D34) -> 23 | E35: =SUM(E32:E34) -> 12.42 | F35: =SUM(F32:F34) -> 3.542 | G35: =SUM(G32:G34) -> 12.42 | H35: =SUM(H32:H34) -> 229.896 | I35: =SUM(I32:I34) -> 169.366
D37: =D35+D26+D16+D7 -> 141 | E37: =E35+E26+E16+E7 -> 76.14 | F37: =F35+F26+F16+F7 -> 21.714 | G37: =G35+G26+G16+G7 -> 73.41 | H37: =H35+H26+H16+H7 -> 1247.552 | I37: =I35+I26+I16+I7 -> 928.182

Sheet Подб_Лотков
A1: Бетонное основание лотков, B 7.5, W6, толщ. 100 мм/Concrete bed, B 7.5, W6, th. 100 mm
E2: L | F2: N | G2: Вычисления, Calculation Объем , м3 | H2: Всего
A3: № участка | B3: Наименование работ | C3: Ед. изм. | D3: Захватки | E3: м | F3: Ростверки шт | G3: V=(1.5*L-0.9*1.2*N)*0.1
A4: 1 | B4: Бетонное основание | C4: м3 | D4: Захватка 1 | E4: =Грунт!E4 -> 90.5 | F4: 23 | G4: =(1.5*E4-0.9*1.2*F4)*0.1 -> 11.091 | H4: =SUM(G4:G5) -> 16.011
C5: м3 | D5: Захватка 2 | E5: =Грунт!E5 -> 40 | F5: 10 | G5: =(1.5*E5-0.9*1.2*F5)*0.1 -> 4.92
A7: Бетонное основание лотков, B 7.5, W6, толщ. 100 мм/Concrete bed, B 7.5, W6, th. 100 mm
E8: L | F8: N | G8: Вычисления, Calculation Объем , м3 | H8: Всего
A9: № участка | B9: Наименование работ | C9: Ед. изм. | D9: Захватки | E9: м | F9: Ростверки шт | G9: V=(1.5*L-0.9*1.2*N)*0.1
A10: 2 | B10: Бетонное основание | C10: м3 | D10: Захватка 1 | E10: =Грунт!E10 -> 61.5 | F10: 15 | G10: =(1.5*E10-0.9*1.2*F10)*0.1 -> 7.605 | H10: =SUM(G10:G12) -> 20.709
C11: м3 | D11: Захватка 2 | E11: =Грунт!E11 -> 21.6 | F11: 7 | G11: =(1.5*E11-0.9*1.2*F11)*0.1 -> 2.484
C12: м3 | D12: Захватка 3 | E12: =Грунт!E12 -> 88.8 | F12: =Щебень!E12 -> 25 | G12: =(1.5*E12-0.9*1.2*F12)*0.1 -> 10.62
A14: Бетонное основание лотков, B 7.5, W6, толщ. 100 мм/Concrete bed, B 7.5, W6, th. 100 mm
E15: L | F15: N | G15: Вычисления, Calculation Объем , м3 | H15: Всего
A16: № участка | B16: Наименование работ | C16: Ед. изм. | D16: Захватки | E16: м | F16: Ростверки шт | G16: V=(1.5*L-0.9*1.2*N)*0.1
A17: 3 | B17: Бетонное основание | C17: м3 | D17: Захватка 1 | E17: =Грунт!E17 -> 53.9 | F17: 13 | G17: =(1.5*E17-0.9*1.2*F17)*0.1 -> 6.681 | H17: =SUM(G17:G20) -> 19.161
C18: м3 | D18: Захватка 2 | E18: =Грунт!E18 -> 38.2 | F18: 10 | G18: =(1.5*E18-0.9*1.2*F18)*0.1 -> 4.65
C19: м3 | D19: Захватка 3 | E19: =Грунт!E19 -> 44.3 | F19: 10 | G19: =(1.5*E19-0.9*1.2*F19)*0.1 -> 5.565
C20: м3 | D20: Захватка 4 | E20: =Грунт!E20 -> 18.7 | F20: 5 | G20: =(1.5*E20-0.9*1.2*F20)*0.1 -> 2.265
A22: Бетонное основание лотков, B 7.5, W6, толщ. 100 мм/Concrete bed, B 7.5, W6, th. 100 mm
E23: L | F23: N | G23: Вычисления, Calculation Объем , м3 | H23: Всего
A24: № участка | B24: Наименование работ | C24: Ед. изм. | D24: Захватки | E24: м | F24: Ростверки шт | G24: V=(1.5*L-0.9*1.2*N)*0.1
A25: 4 | B25: Бетонное основание | C25: м3 | D25: Захватка 1 | E25: =Грунт!E25 -> 61.5 | F25: 16 | G25: =(1.5*E25-0.9*1.2*F25)*0.1 -> 7.497 | H25: =SUM(G25:G27) -> 11.421
C26: м3 | D26: Захватка 2 | E26: =Грунт!E26 -> 25.3 | F26: 6 | G26: =(1.5*E26-0.9*1.2*F26)*0.1 -> 3.147
C27: м3 | D27: Захватка 3 | E27: =Грунт!E27 -> 5.9 | F27: 1 | G27: =(1.5*E27-0.9*1.2*F27)*0.1 -> 0.777
E29: =SUM(E4:E27) -> 550.2 | F29: =SUM(F4:F27) -> 141 | H29: =SUM(H4:H27) -> 67.302

Sheet Днище_Лотков
A1: Бетонирование днища лотков, B 25, W8, толщ. 300 мм/Concrete bed, B 25, W8, th. 300 mm
E2: L | F2: Вычисления, Calculation Объем , м3 | G2: Всего
A3: № участка | B3: Наименование работ | C3: Ед. изм. | D3: Захватки | E3: м | F3: V=0.9*0.3*L
A4: 1 | B4: Бетонирование днища лотков | C4: м3 | D4: Захватка 1 | E4: =Грунт!E4 -> 90.5 | F4: =0.9*0.3*E4 -> 24.435 | G4: =SUM(F4:F5) -> 35.235
C5: м3 | D5: Захватка 2 | E5: =Грунт!E5 -> 40 | F5: =0.9*0.3*E5 -> 10.8
A7: Бетонирование днища лотков, B 25, W8, толщ. 300 мм/Concrete bed, B 25, W8, th. 300 mm
E8: L | F8: Вычисления, Calculation Объем , м3 | G8: Всего
A9: № участка | B9: Наименование работ | C9: Ед. изм. | D9: Захватки | E9: м | F9: V=0.9*0.3*L
A10: 2 | B10: Бетонирование днища лотков | C10: м3 | D10: Захватка 1 | E10: =Грунт!E10 -> 61.5 | F10: =0.9*0.3*E10 -> 16.605 | G10: =SUM(F10:F12) -> 46.413
C11: м3 | D11: Захватка 2 | E11: =Грунт!E11 -> 21.6 | F11: =0.9*0.3*E11 -> 5.832
C12: м3 | D12: Захватка 3 | E12: =Грунт!E12 -> 88.8 | F12: =0.9*0.3*E12 -> 23.976
A14: Бетонирование днища лотков, B 25, W8, толщ. 300 мм/Concrete bed, B 25, W8, th. 300 mm
E15: L | F15: Вычисления, Calculation Объем , м3 | G15: Всего
A16: № участка | B16: Наименование работ | C16: Ед. изм. | D16: Захватки | E16: м | F16: V=0.9*0.3*L
A17: 3 | B17: Бетонирование днища лотков | C17: м3 | D17: Захватка 1 | E17: =Грунт!E17 -> 53.9 | F17: =0.9*0.3*E17 -> 14.553 | G17: =SUM(F17:F20) -> 41.877
C18: м3 | D18: Захватка 2 | E18: =Грунт!E18 -> 38.2 | F18: =0.9*0.3*E18 -> 10.314
C19: м3 | D19: Захватка 3 | E19: =Грунт!E19 -> 44.3 | F19: =0.9*0.3*E19 -> 11.961
C20: м3 | D20: Захватка 4 | E20: =Грунт!E20 -> 18.7 | F20: =0.9*0.3*E20 -> 5.049
A22: Бетонирование днища лотков, B 25, W8, толщ. 300 мм/Concrete bed, B 25, W8, th. 300 mm
E23: L | F23: Вычисления, Calculation Объем , м3 | G23: Всего
A24: № участка | B24: Наименование работ | C24: Ед. изм. | D24: Захватки | E24: м | F24: V=0.9*0.3*L
A25: 4 | B25: Бетонирование днища лотков | C25: м3 | D25: Захватка 1 | E25: =Грунт!E25 -> 61.5 | F25: =0.9*0.3*E25 -> 16.605 | G25: =SUM(F25:F27) -> 25.029
C26: м3 | D26: Захватка 2 | E26: =Грунт!E26 -> 25.3 | F26: =0.9*0.3*E26 -> 6.831
C27: м3 | D27: Захватка 3 | E27: =Грунт!E27 -> 5.9 | F27: =0.9*0.3*E27 -> 1.593
E29: =SUM(E4:E27) -> 550.2 | G29: =SUM(G4:G27) -> 148.554

Sheet Шпонка_Днища
A1: Гидрошпонка днища лотков
E2: L | F2: Вычисления, Calculation Длина , м | G2: Всего
A3: № участка | B3: Наименование работ | C3: Ед. изм. | D3: Захватки | E3: м | F3: Lшп=L*2+0,7*12
A4: 1 | B4: Гидрошпонка днища лотков | C4: м3 | D4: Захватка 1 | E4: =Грунт!E4 -> 90.5 | F4: =E4*2+0.7*12 -> 189.4 | G4: =SUM(F4:F5) -> 277.8
C5: м3 | D5: Захватка 2 | E5: =Грунт!E5 -> 40 | F5: =E5*2+0.7*12 -> 88.4
A7: Гидрошпонка днища лотков
E8: L | F8: Вычисления, Calculation Длина , м | G8: Всего
A9: № участка | B9: Наименование работ | C9: Ед. изм. | D9: Захватки | E9: м | F9: Lшп=L*2+0,7*24
A10: 2 | B10: Гидрошпонка днища лотков | C10: м3 | D10: Захватка 1 | E10: =Грунт!E10 -> 61.5 | F10: =E10*2+0.9*24 -> 144.6 | G10: =SUM(F10:F12) -> 408.6
C11: м3 | D11: Захватка 2 | E11: =Грунт!E11 -> 21.6 | F11: =E11*2+0.9*24 -> 64.8
C12: м3 | D12: Захватка 3 | E12: =Грунт!E12 -> 88.8 | F12: =E12*2+0.9*24 -> 199.2
A14: Гидрошпонка днища лотков
E15: L | F15: Вычисления, Calculation Длина , м | G15: Всего
A16: № участка | B16: Наименование работ | C16: Ед. изм. | D16: Захватки | E16: м | F16: Lшп=L*2+0,7*8
A17: 3 | B17: Гидрошпонка днища лотков | C17: м3 | D17: Захватка 1 | E17: =Грунт!E17 -> 53.9 | F17: =E17*2+0.9*8 -> 115 | G17: =SUM(F17:F20) -> 339
C18: м3 | D18: Захватка 2 | E18: =Грунт!E18 -> 38.2 | F18: =E18*2+0.9*8 -> 83.6
C19: м3 | D19: Захватка 3 | E19: =Грунт!E19 -> 44.3 | F19: =E19*2+0.9*8 -> 95.8
C20: м3 | D20: Захватка 4 | E20: =Грунт!E20 -> 18.7 | F20: =E20*2+0.9*8 -> 44.6
A22: Гидрошпонка днища лотков
E23: L | F23: Вычисления, Calculation Длина , м | G23: Всего
A24: № участка | B24: Наименование работ | C24: Ед. изм. | D24: Захватки | E24: м | F24: Lшп=L*2+0,7*6
A25: 4 | B25: Гидрошпонка днища лотков | C25: м3 | D25: Захватка 1 | E25: =Грунт!E25 -> 61.5 | F25: =E25*2+0.9*6 -> 128.4 | G25: =SUM(F25:F27) -> 201.6
C26: м3 | D26: Захватка 2 | E26: =Грунт!E26 -> 25.3 | F26: =E26*2+0.9*6 -> 56
C27: м3 | D27: Захватка 3 | E27: =Грунт!E27 -> 5.9 | F27: =E27*2+0.9*6 -> 17.2
E29: =SUM(E4:E27) -> 550.2 | G29: =SUM(G4:G27) -> 1227

Sheet Стены_Лотков
A1: Расчет бетонирования стен лотков B25, W8 | L1: Гидроизоляция подб | M1: Гидроизоляция стен
D2: Средняя высота hср, м | G2: Вычисления, Calculation Сечение, м2 | J2: Объем, м3 | L2: S, м2 | M2: S, м2 | O2: Придатки, шт | P2: Длина, м | Q2: Объем, м3
A3: № участка | B3: Захватки | C3: Длина лотка L, м | D3: hср=(hmin+hmax)/2-0.250 | G3: S=0.200*2*hср | J3: V=Sср*L | L3: S=2_слоя*L*1.5 | M3: S=2_слоя*L(2*h_днища+2*h_стен+2*h_усилен)
A4: 1 | B4: Захватка 1 | C4: 72.8 | D4: hср= | E4: (0.600+1.569)/2-0.250= | F4: =(0.6+1.569)/2-0.25 -> 0.8345 | G4: Sср= | H4: 0.200*2*hср = | I4: =0.2*2*F4 -> 0.3338 | J4: =I4*C4 -> 24.30064 | L4: =2*C4*1.5 -> 218.4 | M4: =2*C4*(2*0.3+2*F4+2*0.6) -> 505.0864 | O4: 7 | P4: 17.7 | Q4: =((0.5+0.45)/2-0.25)*0.2*2*P4 -> 1.593
B5: Захватка 2 | C5: 40 | D5: hср= | E5: (0.450+0.700)/2-0.250= | F5: =(0.45+0.7)/2-0.25 -> 0.325 | G5: Sср= | H5: 0.200*2*hср = | I5: =0.2*2*F5 -> 0.13 | J5: =I5*C5 -> 5.2 | L5: =2*C5*1.5 -> 120 | M5: =2*C5*(2*0.3+2*F5+2*0.6) -> 196
J6: =SUM(J4:J5) -> 29.50064 | L6: =SUM(L4:L5) -> 338.4 | M6: =SUM(M4:M5) -> 701.0864
A8: Расчет бетонирования стен лотков B25, W8 | L8: Гидроизоляция подб | M8: Гидроизоляция стен
D9: Средняя высота hср, м | G9: Вычисления, Calculation Сечение, м2 | J9: Объем, м3 | L9: S, м2 | M9: S, м2
A10: № участка | B10: Захватки | C10: Длина лотка L, м | D10: hср=(hmin+hmax)/2-hсущ. | J10: V=Sср*L | L10: S=2_слоя*L*1.5 | M10: S=2_слоя*L(2*h_днища+2*h_стен+2*h_усилен)
A11: 2 | B11: Захватка 1 | C11: 50.8 | D11: hср= | E11: (1.300+1.969)/2-0.250= | F11: =(1.3+1.969)/2-0.25 -> 1.3845 | G11: Sср= | H11: 0.200*2*hср = | I11: =0.2*2*F11 -> 0.5538 | J11: =I11*C11 -> 28.13304 | L11: =2*C11*1.5 -> 152.4 | M11: =2*C11*(2*0.3+2*F11+2*0.6) -> 464.2104 | O11: 6 | P11: 10.7 | Q11: =((0.5+0.45)/2-0.25)*0.2*2*P11 -> 0.963
B12: Захватка 2 | C12: 21.6 | D12: hср= | E12: (0.450+0.810)/2-0.250= | F12: =(0.45+0.81)/2-0.25 -> 0.38 | G12: Sср= | H12: 0.200*2*hср = | I12: =0.2*2*F12 -> 0.152 | J12: =I12*C12 -> 3.2832 | L12: =2*C12*1.5 -> 64.8 | M12: =2*C12*(2*0.3+2*F12+2*0.6) -> 110.592
B13: Захватка 3 | C13: 88.8 | D13: hср= | E13: (0.450+0.740)/2-0.250= | F13: =(0.45+0.74)/2-0.25 -> 0.345 | G13: Sср= | H13: 0.200*2*hср = | I13: =0.2*2*F13 -> 0.138 | J13: =I13*C13 -> 12.2544 | L13: =2*C13*1.5 -> 266.4 | M13: =2*C13*(2*0.3+2*F13+2*0.6) -> 442.224
J14: =SUM(J11:J13) -> 43.67064 | L14: =SUM(L11:L13) -> 483.6 | M14: =SUM(M11:M13) -> 1017.0264
A16: Расчет бетонирования стен лотков B25, W8 | L16: Гидроизоляция подб | M16: Гидроизоляция стен
D17: Средняя высота hср, м | G17: Вычисления, Calculation Сечение, м2 | J17: Объем, м3 | L17: S, м2 | M17: S, м2
A18: № участка | B18: Захватки | C18: Длина лотка L, м | D18: hср=(hmin+hmax)/2-0.250 | J18: V=Sср*L | L18: S=2_слоя*L*1.5 | M18: S=2_слоя*L(2*h_днища+2*h_стен+2*h_усилен)
A19: 3 | B19: Захватка 1 | C19: 23 | D19: hср= | E19: (0.900+1.356)/2-0.250= | F19: =(0.9+1.356)/2-0.25 -> 0.878 | G19: Sср= | H19: 0.200*2*hср = | I19: =0.2*2*F19 -> 0.3512 | J19: =I19*C19 -> 8.0776 | L19: =2*C19*1.5 -> 69 | M19: =2*C19*(2*0.3+2*F19+2*0.6) -> 163.576 | O19: 3 | P19: 4.2 | Q19: =(1.081-0.25)*0.2*2*P19 -> 1.39608
C20: 18 | D20: hср= | E20: (1.356+1.795)/2-0.500= | F20: =(1.356+1.795)/2-0.5 -> 1.0755 | G20: Sср= | H20: 0.200*2*hср = | I20: =0.2*2*F20 -> 0.4302 | J20: =I20*C20 -> 7.7436 | L20: =2*C20*1.5 -> 54 | M20: =2*C20*(2*0.3+2*F20+2*0.6) -> 142.236
C21: =53.9-C19-C20 -> 12.9 | D21: hср= | E21: (1.795+1.978)/2-0.250= | F21: =(1.795+1.978)/2-0.25 -> 1.6365 | G21: Sср= | H21: 0.200*2*hср = | I21: =0.2*2*F21 -> 0.6546 | J21: =I21*C21 -> 8.44434 | L21: =2*C21*1.5 -> 38.7 | M21: =2*C21*(2*0.3+2*F21+2*0.6) -> 130.8834 | Q21: =SUM(Q4:Q19) -> 3.95208 | R21: м3
B22: Захватка 2 | C22: 26 | D22: hср= | E22: (0.450+0.968)/2-0.250= | F22: =(0.968+0.45)/2-0.25 -> 0.459 | G22: Sср= | H22: 0.200*2*hср = | I22: =0.2*2*F22 -> 0.1836 | J22: =I22*C22 -> 4.7736 | L22: =2*C22*1.5 -> 78 | M22: =2*C22*(2*0.3+2*F22+2*0.6) -> 141.336
C23: =38.2-C22 -> 12.2 | D23: hср= | E23: (0.968+1.214)/2-0.500= | F23: =(0.968+1.214)/2-0.5 -> 0.591 | G23: Sср= | H23: 0.200*2*hср = | I23: =0.2*2*F23 -> 0.2364 | J23: =I23*C23 -> 2.88408 | L23: =2*C23*1.5 -> 36.6 | M23: =2*C23*(2*0.3+2*F23+2*0.6) -> 72.7608
B24: Захватка 3 | C24: =40.1-3.5 -> 36.6 | D24: hср= | E24: (0.500+1.230)/2-0.250= | F24: =(0.6+1.29)/2-0.25 -> 0.695 | G24: Sср= | H24: 0.200*2*hср = | I24: =0.2*2*F24 -> 0.278 | J24: =I24*C24 -> 10.1748 | L24: =2*C24*1.5 -> 109.8 | M24: =2*C24*(2*0.3+2*F24+2*0.6) -> 233.508
B25: Захватка 4 | C25: 18.7 | D25: hср= | E25: (1.500+1.762)/2-0.500= | F25: =(1.5+1.762)/2-0.5 -> 1.131 | G25: Sср= | H25: 0.200*hср = | I25: =0.2*F25 -> 0.2262 | J25: =I25*C25 -> 4.22994 | L25: =2*C25*1.5 -> 56.1 | M25: =2*C25*(2*0.3+2*F25+2*0.6) -> 151.9188
C26: 18.7 | D26: hср= | E26: (1.500+1.762)/2-0.600= | F26: =(1.5+1.762)/2-0.6 -> 1.031 | G26: Sср= | H26: 0.550*hср = | I26: =0.55*F26 -> 0.56705 | J26: =I26*C26 -> 10.603835 | L26: =2*C26*1.5 -> 56.1 | M26: =2*C26*(2*0.3+2*F26+2*0.6) -> 144.4388
J27: =SUM(J19:J26) -> 56.931795 | L27: =SUM(L19:L26) -> 498.3 | M27: =SUM(M19:M26) -> 1180.6578
A29: Расчет бетонирования стен лотков B25, W8 | L29: Гидроизоляция подб | M29: Гидроизоляция стен
D30: высота стенок | G30: Вычисления, Calculation Сечение, м2 | J30: Объем, м3 | L30: S, м2 | M30: S, м2
A31: № участка | B31: Захватки | C31: Длина лотка L, м | D31: hср=(hmin+hmax)/2-0.250 | G31: S=0.200*2*hср | J31: V=Sср*L | L31: S=2_слоя*L*1.5 | M31: S=2_слоя*L(2*h_днища+2*h_стен+2*h_усилен)
A32: 4 | B32: Захватка 1 | C32: =61.5-C33-C34 -> 23.1 | D32: hср= | E32: (0.918+0.600)/2-0.250= | F32: =(0.918+0.6)/2-0.25 -> 0.509 | G32: Sср= | H32: 0.200*2*hср = | I32: =0.2*2*F32 -> 0.2036 | J32: =I32*C32 -> 4.70316 | L32: =2*C32*1.5 -> 69.3 | M32: =2*C32*(2*0.3+2*F32+2*0.6) -> 130.1916
C33: 14.7 | D33: hср= | E33: (1.103+0.918)/2-0.500= | F33: =(1.103+0.918)/2-0.5 -> 0.5105 | G33: Sср= | H33: 0.200*2*hср = | I33: =0.2*2*F33 -> 0.2042 | J33: =I33*C33 -> 3.00174 | L33: =2*C33*1.5 -> 44.1 | M33: =2*C33*(2*0.3+2*F33+2*0.6) -> 82.9374
C34: 23.7 | D34: hср= | E34: (1.419+1.103)/2-0.250= | F34: =(1.419+1.103)/2-0.25 -> 1.011 | G34: Sср= | H34: 0.200*2*hср = | I34: =0.2*2*F34 -> 0.4044 | J34: =I34*C34 -> 9.58428 | L34: =2*C34*1.5 -> 71.1 | M34: =2*C34*(2*0.3+2*F34+2*0.6) -> 181.1628
B35: Захватка 2 | C35: 25.3 | D35: hср= | E35: (0.450+0.787)/2-0.250= | F35: =(0.45+0.787)/2-0.25 -> 0.3685 | G35: Sср= | H35: 0.200*2*hср = | I35: =0.2*2*F35 -> 0.1474 | J35: =I35*C35 -> 3.72922 | L35: =2*C35*1.5 -> 75.9 | M35: =2*C35*(2*0.3+2*F35+2*0.6) -> 128.3722
B36: Захватка 3 | C36: 5.9 | J36: =I36*C36 -> 0 | L36: =2*C36*1.5 -> 17.7 | M36: =2*C36*(2*0.3+2*F36+2*0.6) -> 21.24
J37: =SUM(J32:J36) -> 21.0184 | L37: =SUM(L32:L36) -> 278.1 | M37: =SUM(M32:M36) -> 543.904
J39: =J6+J14+J27+J37 -> 151.12148 | L39: =L6+L14+L27+L37 -> 1598.4 | M39: =M6+M14+M27+M37 -> 3442.6746
L41: =L39+M39 -> 5041.0746

Sheet Шпонка_Стен
A1: Гидрошпонка стен лотков
E2: L | F2: Вычисления, Calculation Длина , м | G2: Всего
A3: № участка | B3: Наименование работ | C3: Ед. изм. | D3: Захватки | E3: м | F3: Lшп=L*2+0,7*12
A4: 1 | B4: Гидрошпонка стен лотков | C4: м3 | D4: Захватка 1 | E4: =Грунт!E4 -> 90.5 | F4: =E4*2+0.7*12 -> 189.4 | G4: =SUM(F4:F5) -> 277.8
C5: м3 | D5: Захватка 2 | E5: =Грунт!E5 -> 40 | F5: =E5*2+0.7*12 -> 88.4
A7: Гидрошпонка стен лотков
E8: L | F8: Вычисления, Calculation Длина , м | G8: Всего
A9: № участка | B9: Наименование работ | C9: Ед. изм. | D9: Захватки | E9: м | F9: Lшп=L*2+0,7*24
A10: 2 | B10: Гидрошпонка стен лотков | C10: м3 | D10: Захватка 1 | E10: =Грунт!E10 -> 61.5 | F10: =E10*2+0.9*24 -> 144.6 | G10: =SUM(F10:F12) -> 408.6
C11: м3 | D11: Захватка 2 | E11: =Грунт!E11 -> 21.6 | F11: =E11*2+0.9*24 -> 64.8
C12: м3 | D12: Захватка 3 | E12: =Грунт!E12 -> 88.8 | F12: =E12*2+0.9*24 -> 199.2
A14: Гидрошпонка стен лотков
E15: L | F15: Вычисления, Calculation Длина , м | G15: Всего
A16: № участка | B16: Наименование работ | C16: Ед. изм. | D16: Захватки | E16: м | F16: Lшп=L*2+0,7*8
A17: 3 | B17: Гидрошпонка стен лотков | C17: м3 | D17: Захватка 1 | E17: =Грунт!E17 -> 53.9 | F17: =E17*2+0.9*8 -> 115 | G17: =SUM(F17:F20) -> 339
C18: м3 | D18: Захватка 2 | E18: =Грунт!E18 -> 38.2 | F18: =E18*2+0.9*8 -> 83.6
C19: м3 | D19: Захватка 3 | E19: =Грунт!E19 -> 44.3 | F19: =E19*2+0.9*8 -> 95.8
C20: м3 | D20: Захватка 4 | E20: =Грунт!E20 -> 18.7 | F20: =E20*2+0.9*8 -> 44.6
A22: Гидрошпонка стен лотков
E23: L | F23: Вычисления, Calculation Длина , м | G23: Всего
A24: № участка | B24: Наименование работ | C24: Ед. изм. | D24: Захватки | E24: м | F24: Lшп=L*2+0,7*6
A25: 4 | B25: Гидрошпонка стен лотков | C25: м3 | D25: Захватка 1 | E25: =Грунт!E25 -> 61.5 | F25: =E25*2+0.9*6 -> 128.4 | G25: =SUM(F25:F27) -> 201.6
C26: м3 | D26: Захватка 2 | E26: =Грунт!E26 -> 25.3 | F26: =E26*2+0.9*6 -> 56
C27: м3 | D27: Захватка 3 | E27: =Грунт!E27 -> 5.9 | F27: =E27*2+0.9*6 -> 17.2
E29: =SUM(E4:E27) -> 550.2 | G29: =SUM(G4:G27) -> 1227

Sheet Сводная 
B1: Расчеты
J2: Ростверки | K2: Щебень | L2: Подб_Роств | M2: Бетон Роств | N2: Обратная засыпка | P2: Подб_Лотков | Q2: Днище_Лотков | R2: Стены_Лотков | S2: Гидроизоляция
D3: Средняя высота hср, м | F3: Вычисления, Calculation Сечение, м2 | H3: Объем, м3 | J3: шт | K3: Vщеб, м3 | L3: Vподб м3 | M3: Vроств, м3 | N3: Vгр, м3 | O3: Объем, м3 | P3: Объем, м3 | Q3: Объем, м3 | R3: Объем, м3 | S3: S, м2
A4: № участка | B4: Захватки | C4: Длина лотка L, м | D4: hср=(hmin+hmax)/2-hсущ. | F4: Sср=(Lверх.+Lниза)/2*hср | H4: V=Sср*L | K4: V=0.200*1.500*1.800*N | L4: V=0.100*1.100*1.400*N | M4: V=0.900*1.200*0.600*N | N4: Vгр=(2.100+3.300)/2*0.800*L | O4: V=Vгр -Vщеб-Vподб-Vроств | P4: =Подб_Лотков!G3 -> V=(1.5*L-0.9*1.2*N)*0.1 | Q4: =Днище_Лотков!F3 -> V=0.9*0.3*L | R4: V=0.200*2*hср *L | S4: S=2*(L*1.5+L*h_днища+2*L*h_стен+2*L*h_усилен)
A5: 1 | B5: Захватка 1 | C5: 72.8 | D5: hср= | E5: =(2.77+1.808)/2-0.34 -> 1.949 | F5: Sср= | G5: =(5.5+2.5)/2*E5 -> 7.796 | H5: =G5*C5 -> 567.5488 | J5: 23 | K5: =Щебень!F4 -> 12.42 | L5: =Подб_Роств!F4 -> 3.542 | M5: =0.9*1.2*0.6*J5 -> 14.904 | N5: =(2.1+3.3)/2*0.8*C5 -> 157.248 | O5: =N5-K5-L5-M5 -> 126.382 | P5: =Подб_Лотков!G4 -> 11.091 | Q5: =Днище_Лотков!F4 -> 24.435 | R5: =Стены_Лотков!J4 -> 24.30064
B6: Захватка 2 | C6: 40 | D6: hср= | E6: =(1.835+1.657)/2-0.34 -> 1.406 | F6: Sср= | G6: =(5.5+2.5)/2*E6 -> 5.624 | H6: =G6*C6 -> 224.96 | J6: 10 | K6: =Щебень!F5 -> 5.4 | L6: =Подб_Роств!F5 -> 1.54 | M6: =0.9*1.2*0.6*J6 -> 6.48 | N6: =(2.1+3.3)/2*0.8*C6 -> 86.4 | O6: =N6-K6-L6-M6 -> 72.98 | P6: =Подб_Лотков!G5 -> 4.92 | Q6: =Днище_Лотков!F5 -> 10.8 | R6: =Стены_Лотков!J5 -> 5.2
H7: =SUM(H5:H6) -> 792.5088 | J7: =SUM(J5:J6) -> 33 | K7: =SUM(K5:K6) -> 17.82 | L7: =SUM(L5:L6) -> 5.082 | M7: =SUM(M5:M6) -> 21.384 | N7: =SUM(N5:N6) -> 243.648 | O7: =SUM(O5:O6) -> 199.362 | P7: =SUM(P5:P6) -> 16.011 | Q7: =SUM(Q5:Q6) -> 35.235 | R7: =SUM(R5:R6) -> 29.50064
A9: 2 | B9: Захватка 1 | C9: 50.8 | D9: hср= | E9: =(3.17+2.505)/2-0.34 -> 2.4975 | F9: Sср= | G9: =(5.5+2.5)/2*E9 -> 9.99 | H9: =G9*C9 -> 507.492 | J9: 15 | K9: =Щебень!F10 -> 8.1 | L9: =Подб_Роств!F9 -> 2.31 | M9: =0.9*1.2*0.6*J9 -> 9.72 | N9: =(2.1+3.3)/2*0.8*C9 -> 109.728 | O9: =N9-K9-L9-M9 -> 89.598 | P9: =Подб_Лотков!G10 -> 7.605 | Q9: =Днище_Лотков!F10 -> 16.605 | R9: =Стены_Лотков!J11 -> 28.13304
B10: Захватка 2 | C10: 21.6 | D10: hср= | E10: =(1.948+1.659)/2-0.34 -> 1.4635 | F10: Sср= | G10: =(5.5+2.5)/2*E10 -> 5.854 | H10: =G10*C10 -> 126.4464 | J10: 7 | K10: =Щебень!F11 -> 3.78 | L10: =Подб_Роств!F10 -> 1.078 | M10: =0.9*1.2*0.6*J10 -> 4.536 | N10: =(2.1+3.3)/2*0.8*C10 -> 46.656 | O10: =N10-K10-L10-M10 -> 37.262 | P10: =Подб_Лотков!G11 -> 2.484 | Q10: =Днище_Лотков!F11 -> 5.832 | R10: =Стены_Лотков!J12 -> 3.2832
B11: Захватка 3 | C11: 88.8 | D11: hср= | E11: =(1.9+1.65)/2-0.34 -> 1.435 | F11: Sср= | G11: =(5.5+2.5)/2*E11 -> 5.74 | H11: =G11*C11 -> 509.712 | J11: 24 | K11: =Щебень!F12 -> 13.5 | L11: =Подб_Роств!F11 -> 3.85 | M11: =0.9*1.2*0.6*J11 -> 15.552 | N11: =(2.1+3.3)/2*0.8*C11 -> 191.808 | O11: =N11-K11-L11-M11 -> 158.906 | P11: =Подб_Лотков!G12 -> 10.62 | Q11: =Днище_Лотков!F12 -> 23.976 | R11: =Стены_Лотков!J13 -> 12.2544
H12: =SUM(H9:H11) -> 1143.6504 | J12: =SUM(J9:J11) -> 46 | K12: =SUM(K9:K11) -> 25.38 | L12: =SUM(L9:L11) -> 7.238 | M12: =SUM(M9:M11) -> 29.808 | N12: =SUM(N9:N11) -> 348.192 | O12: =SUM(O9:O11) -> 285.766 | P12: =SUM(P9:P11) -> 20.709 | Q12: =SUM(Q9:Q11) -> 46.413 | R12: =SUM(R9:R11) -> 43.67064
A14: 3 | B14: Захватка 1 | C14: 53.9 | D14: hср= | E14: =(3.179+2.107)/2-0.34 -> 2.303 | F14: Sср= | G14: =(5.5+2.5)/2*E14 -> 9.212 | H14: =G14*C14 -> 496.5268 | J14: 13 | K14: =Щебень!F17 -> 7.02 | L14: =Подб_Роств!F15 -> 2.002 | M14: =0.9*1.2*0.6*J14 -> 8.424 | N14: =(2.1+3.3)/2*0.8*C14 -> 116.424 | O14: =N14-K14-L14-M14 -> 98.978 | P14: =Подб_Лотков!G17 -> 6.681 | Q14: =Днище_Лотков!F17 -> 14.553 | R14: =Стены_Лотков!J19+Стены_Лотков!J20+Стены_Лотков!J21 -> 24.26554
B15: Захватка 2 | C15: 38.2 | D15: hср= | E15: =(2.371+1.657)/2-0.34 -> 1.674 | F15: Sср= | G15: =(5.5+2.5)/2*E15 -> 6.696 | H15: =G15*C15 -> 255.7872 | J15: 10 | K15: =Щебень!F18 -> 5.4 | L15: =Подб_Роств!F16 -> 1.54 | M15: =0.9*1.2*0.6*J15 -> 6.48 | N15: =(2.1+3.3)/2*0.8*C15 -> 82.512 | O15: =N15-K15-L15-M15 -> 69.092 | P15: =Подб_Лотков!G18 -> 4.65 | Q15: =Днище_Лотков!F18 -> 10.314 | R15: =Стены_Лотков!J22+Стены_Лотков!J23 -> 7.65768
B16: Захватка 3 | C16: 40.1 | D16: hср= | E16: =(2.455+1.708)/2-0.34 -> 1.7415 | F16: Sср= | G16: =(5.5+2.5)/2*E16 -> 6.966 | H16: =G16*C16 -> 279.3366 | J16: 10 | K16: =Щебень!F19 -> 5.4 | L16: =Подб_Роств!F17 -> 1.54 | M16: =0.9*1.2*0.6*J16 -> 6.48 | N16: =(2.1+3.3)/2*0.8*C16 -> 86.616 | O16: =N16-K16-L16-M16 -> 73.196 | P16: =Подб_Лотков!G19 -> 5.565 | Q16: =Днище_Лотков!F19 -> 11.961 | R16: =Стены_Лотков!J24 -> 10.1748
B17: Захватка 4 | C17: 18.7 | D17: hср= | E17: =(2.948+2.733)/2-0.34 -> 2.5005 | F17: Sср= | G17: =(5.5+2.5)/2*E17 -> 10.002 | H17: =G17*C17 -> 187.0374 | J17: 5 | K17: =Щебень!F20 -> 2.7 | L17: =Подб_Роств!F18 -> 0.77 | M17: =1.2*1.25*0.6*J17 -> 4.5 | N17: =(2.1+3.3)/2*0.8*C17 -> 40.392 | O17: =N17-K17-L17-M17 -> 32.422 | P17: =Подб_Лотков!G20 -> 2.265 | Q17: =Днище_Лотков!F20 -> 5.049 | R17: =Стены_Лотков!J25+Стены_Лотков!J26 -> 14.833775
H18: =SUM(H14:H17) -> 1218.688 | J18: =SUM(J14:J17) -> 38 | K18: =SUM(K14:K17) -> 20.52 | L18: =SUM(L14:L17) -> 5.852 | M18: =SUM(M14:M17) -> 25.884 | N18: =SUM(N14:N17) -> 325.944 | O18: =SUM(O14:O17) -> 273.688 | P18: =SUM(P14:P17) -> 19.161 | Q18: =SUM(Q14:Q17) -> 41.877 | R18: =SUM(R14:R17) -> 56.931795
A20: 4 | B20: Захватка 1 | C20: 61.5 | D20: hср= | E20: =(2.919+2.109)/2-0.34 -> 2.174 | F20: Sср= | G20: =(5.5+2.5)/2*E20 -> 8.696 | H20: =G20*C20 -> 534.804 | J20: 16 | K20: =Щебень!F25 -> 8.64 | L20: =Подб_Роств!F22 -> 2.464 | M20: =0.9*1.2*0.6*J20 -> 10.368 | N20: =(2.1+3.3)/2*0.8*C20 -> 132.84 | O20: =N20-K20-L20-M20 -> 111.368 | P20: =Подб_Лотков!G25 -> 7.497 | Q20: =Днище_Лотков!F25 -> 16.605 | R20: =Стены_Лотков!J32+Стены_Лотков!J33+Стены_Лотков!J34 -> 17.28918
B21: Захватка 2 | C21: 25.3 | D21: hср= | E21: =(2.59+1.958)/2-0.34 -> 1.934 | F21: Sср= | G21: =(5.5+2.5)/2*E21 -> 7.736 | H21: =G21*C21 -> 195.7208 | J21: 6 | K21: =Щебень!F26 -> 3.24 | L21: =Подб_Роств!F23 -> 0.924 | M21: =0.9*1.2*0.6*J21 -> 3.888 | N21: =(2.1+3.3)/2*0.8*C21 -> 54.648 | O21: =N21-K21-L21-M21 -> 46.596 | P21: =Подб_Лотков!G26 -> 3.147 | Q21: =Днище_Лотков!F26 -> 6.831 | R21: =Стены_Лотков!J35 -> 3.72922
B22: Захватка 3 | C22: 5.9 | D22: hср= | E22: =(1.733+1.658)/2-0.34 -> 1.3555 | F22: Sср= | G22: =(5.5+2.5)/2*E22 -> 5.422 | H22: =G22*C22 -> 31.9898 | J22: 1 | K22: =Щебень!F27 -> 0.54 | L22: =Подб_Роств!F24 -> 0.154 | M22: =0.9*1.2*0.6*J22 -> 0.648 | N22: =(2.1+3.3)/2*0.8*C22 -> 12.744 | O22: =N22-K22-L22-M22 -> 11.402 | P22: =Подб_Лотков!G27 -> 0.777 | Q22: =Днище_Лотков!F27 -> 1.593 | R22: =Стены_Лотков!J36 -> 0
H23: =SUM(H20:H22) -> 762.5146 | J23: =SUM(J20:J22) -> 23 | K23: =SUM(K20:K22) -> 12.42 | L23: =SUM(L20:L22) -> 3.542 | M23: =SUM(M20:M22) -> 14.904 | N23: =SUM(N20:N22) -> 200.232 | O23: =SUM(O20:O22) -> 169.366 | P23: =SUM(P20:P22) -> 11.421 | Q23: =SUM(Q20:Q22) -> 25.029 | R23: =SUM(R20:R22) -> 21.0184
E25: ИТОГО/TOTAL | H25: =H7+H12+H18+H23 -> 3917.3618 | J25: =J7+J12+J18+J23 -> 140 | K25: =K7+K12+K18+K23 -> 76.14 | L25: =L7+L12+L18+L23 -> 21.714 | M25: =M7+M12+M18+M23 -> 91.98 | N25: =N7+N12+N18+N23 -> 1118.016 | O25: =O7+O12+O18+O23 -> 928.182 | P25: =P7+P12+P18+P23 -> 67.302 | Q25: =Q7+Q12+Q18+Q23 -> 148.554 | R25: =R7+R12+R18+R23 -> 151.12148
N28: Подбетонка: | O28: =L25+P25 -> 89.016
N29: Бетон: | O29: =M25+Q25+R25 -> 391.65548
O30: =SUM(O28:O29) -> 480.67147
